{
  "task": "transcribe",
  "language": "unknown",
  "duration": 0.0,
  "segments": [],
  "text": "你能秒杀我，你今天能17张牌把卢本伟秒了，我当场就把这个电脑屏幕吃掉。",
  "status": "success",
  "message": null,
  "vad_info": {
    "segment_count": 1,
    "speech_ratio": 0.6666666666666666,
    "total_speech_duration": 5.60375,
    "speech_segments": [
      {
        "start": 0.0,
        "end": 5.60375,
        "confidence": 1.0,
        "accelerated": true
      }
    ],
    "timing_info": {
      "format_check": 0.0,
      "audio_conversion": 0.5074763298034668,
      "file_reading": 0.000453948974609375,
      "vad_detection": 0.07157707214355469,
      "total_vad_time": 0.5795073509216309
    },
    "acceleration_info": {
      "applied": true,
      "original_duration": 8.405625,
      "accelerated_duration": 5.60375,
      "factor": 1.5000000000000002
    }
  },
  "timing_info": {
    "file_save": 0.004374265670776367,
    "vad_processing": 0.5816502571105957,
    "request_preparation": 0.0,
    "service_setup": 0.01498723030090332,
    "transcription": 3.6961920261383057,
    "total_time": 4.298735618591309,
    "response_preparation": 0.0
  }
}