{
  "task": "transcribe",
  "language": "unknown",
  "duration": 0.0,
  "segments": [],
  "text": "他给我展示了所有操作。我很痛恨外挂。",
  "status": "success",
  "message": null,
  "vad_info": {
    "segment_count": 1,
    "speech_ratio": 1.0,
    "total_speech_duration": 4.28,
    "speech_segments": [
      {
        "start": 0.0,
        "end": 4.28,
        "confidence": 1.0
      }
    ],
    "timing_info": {
      "format_check": 0.0,
      "audio_conversion": 0.4936833381652832,
      "file_reading": 0.005585908889770508,
      "vad_detection": 0.0,
      "total_vad_time": 0.5017886161804199
    },
    "acceleration_info": null
  },
  "timing_info": {
    "file_save": 0.0029997825622558594,
    "vad_processing": 0.5017886161804199,
    "request_preparation": 0.0010890960693359375,
    "service_setup": 0.011621475219726562,
    "transcription": 3.589190721511841,
    "total_time": 4.107690811157227,
    "response_preparation": 0.0
  }
}